,Period,Short Description,Temperature,Description
0,Today,Sunny,High: 77 °F,"Sunny, with a high near 77. Northwest wind 9 to 15 mph, with gusts as high as 29 mph. "
1,Tonight,Clear,Low: 53 °F,"Clear, with a low around 53. West wind 6 to 14 mph, with gusts as high as 18 mph. "
2,Sunday,Sunny,High: 71 °F,"Sunny, with a high near 71. West wind 7 to 15 mph, with gusts as high as 20 mph. "
3,Sunday Night,Clear,Low: 53 °F,"Clear, with a low around 53. West northwest wind 7 to 17 mph, with gusts as high as 22 mph. "
4,Monday,Sunny,High: 73 °F,"Sunny, with a high near 73. Light west northwest wind increasing to 10 to 15 mph in the morning. Winds could gust as high as 20 mph. "
5,Monday Night,Clear,Low: 52 °F,"Clear, with a low around 52."
6,Tuesday,Sunny,High: 72 °F,"Sunny, with a high near 72."
7,Tuesday Night,Mostly Clear,Low: 51 °F,"Mostly clear, with a low around 51."
8,Wednesday,Sunny,High: 70 °F,"Sunny, with a high near 70."
9,Wednesday Night,Mostly Clear,Low: 51 °F,"Mostly clear, with a low around 51."
10,Thursday,Mostly Sunny,High: 66 °F,"Mostly sunny, with a high near 66."
11,Thursday Night,Mostly Clear,Low: 51 °F,"Mostly clear, with a low around 51."
12,Friday,Sunny,High: 65 °F,"Sunny, with a high near 65."
