,Product,URL,Price,Rating
0,"Samsung Galaxy M31 (Ocean Blue, 6GB RAM, 128GB Storage)",https://m.media-amazon.com/images/I/71-Su4Wr0HL._AC_UL320_.jpg,"14,999",4.3 out of 5 stars 
1,"Redmi 9 (Sky Blue, 4GB RAM, 64GB Storage)| 5000 mAh| 2.3GHz Mediatek Helio G35 Octa core Processor",https://m.media-amazon.com/images/I/71A9Vo1BatL._AC_UL320_.jpg,"8,799",4.2 out of 5 stars 
2,"Samsung Galaxy M31 (Space Black, 6GB RAM, 128GB Storage)",https://m.media-amazon.com/images/I/71OxJeyywSL._AC_UL320_.jpg,"14,999",4.3 out of 5 stars 
3,"Redmi 9A (Nature Green, 2GB Ram, 32GB Storage) | 2GHz Octa-core Helio G25 Processor",https://m.media-amazon.com/images/I/71sxlhYhKWL._AC_UL320_.jpg,"6,799",4.2 out of 5 stars 
4,"Redmi 9 (Carbon Black, 4GB RAM, 64GB Storage) | 5000 mAh| 2.3GHz Mediatek Helio G35 Octa core Processor",https://m.media-amazon.com/images/I/716nHhG9SWL._AC_UL320_.jpg,"8,799",4.2 out of 5 stars 
5,"Redmi Note 10 (Shadow Black, 4GB RAM, 64GB Storage) - Amoled Dot Display | 48MP Sony Sensor IMX582 | Snapdragon 678 Processor",https://m.media-amazon.com/images/I/71QY6JV6FhS._AC_UL320_.jpg,"12,499",4.1 out of 5 stars 
6,"Redmi 9 (Sporty Orange, 4GB RAM, 64GB Storage) | 5000 mAh| 2.3GHz Mediatek Helio G35 Octa core Processor",https://m.media-amazon.com/images/I/71A9Vo1BatL._AC_UL320_.jpg,"8,499",4.2 out of 5 stars 
7,"Redmi Note 10 (Frost White, 4GB RAM, 64GB Storage) - Amoled Dot Display | 48MP Sony Sensor IMX582 | Snapdragon 678 Processor",https://m.media-amazon.com/images/I/71SSmaLA7xS._AC_UL320_.jpg,"12,499",4.1 out of 5 stars 
8,"Redmi Note 10 (Aqua Green, 4GB RAM, 64GB Storage)",https://m.media-amazon.com/images/I/71OGzLCrjZS._AC_UL320_.jpg,"12,499",4.1 out of 5 stars 
9,"Redmi Note 10 (Aqua Green, 6GB RAM, 128GB Storage) - Amoled Dot Display | 48MP Sony Sensor IMX582 | Snapdragon 678 Processor",https://m.media-amazon.com/images/I/71Kmfs0T0BL._AC_UL320_.jpg,"14,499",4.1 out of 5 stars 
10,"Redmi 9A (Midnight Black, 2GB RAM, 32GB Storage) | 2GHz Octa-core Helio G25 Processor",https://m.media-amazon.com/images/I/71sxlhYhKWL._AC_UL320_.jpg,"6,799",4.2 out of 5 stars 
11,"Samsung Galaxy M12 (Blue,4GB RAM, 64GB Storage) 6000 mAh with 8nm Processor | True 48 MP Quad Camera | 90Hz Refresh Rate",https://m.media-amazon.com/images/I/71yYaNztZ0L._AC_UL320_.jpg,"10,999",4.0 out of 5 stars 
12,"Redmi 9A (Sea Blue, 2GB Ram, 32GB Storage) | 2GHz Octa-core Helio G25 Processor",https://m.media-amazon.com/images/I/71sxlhYhKWL._AC_UL320_.jpg,"6,799",4.2 out of 5 stars 
13,"Redmi Note 10 (Shadow Black, 6GB RAM, 128GB Storage)",https://m.media-amazon.com/images/I/71IqJQM2stL._AC_UL320_.jpg,"14,499",4.1 out of 5 stars 
14,"Redmi 9 Power (Blazing Blue, 4GB RAM, 64GB Storage) - 6000mAh Battery |FHD+ Screen| 48MP Quad Camera",https://m.media-amazon.com/images/I/71hEzQGO5qL._AC_UL320_.jpg,"10,499",4.2 out of 5 stars 
15,"Redmi Note 9 Pro (Interstellar Black, 4GB RAM, 64GB Storage)- Latest 8nm Snapdragon 720G & Alexa Hands-Free",https://m.media-amazon.com/images/I/81fwKtv0VHL._AC_UL320_.jpg,"12,999",4.2 out of 5 stars 
16,"Samsung Galaxy M12 (Black,4GB RAM, 64GB Storage) 6000 mAh with 8nm Processor | True 48 MP Quad Camera | 90Hz Refresh Rate",https://m.media-amazon.com/images/I/714QWDxXgNL._AC_UL320_.jpg,"10,999",4.0 out of 5 stars 
17,"Samsung Galaxy M31 (Iceberg Blue, 6GB RAM, 128GB Storage)",https://m.media-amazon.com/images/I/71ZsMOcpePL._AC_UL320_.jpg,"14,999",4.3 out of 5 stars 
18,"Samsung Galaxy M31s (Mirage Blue, 6GB RAM, 128GB Storage)",https://m.media-amazon.com/images/I/61d-phh4GfL._AC_UL320_.jpg,"18,499",4.3 out of 5 stars 
19,"Oppo A31 (Mystery Black, 6GB RAM, 128GB Storage) with No Cost EMI/Additional Exchange Offers",https://m.media-amazon.com/images/I/71KCwNV6MuL._AC_UL320_.jpg,"11,990",4.2 out of 5 stars 
20,"Redmi Note 9 Pro (Glacier White, 4GB RAM, 64GB Storage) - Latest 8nm Snapdragon 720G &Alexa Hands-Free Capable",https://m.media-amazon.com/images/I/81fwKtv0VHL._AC_UL320_.jpg,"12,999",4.2 out of 5 stars 
21,"Oppo A31 (Fantasy White, 6GB RAM, 128GB Storage) with No Cost EMI/Additional Exchange Offers",https://m.media-amazon.com/images/I/61IhTtJUXJL._AC_UL320_.jpg,"11,990",4.2 out of 5 stars 
22,"Redmi Note 9 (Aqua Green, 4GB RAM, 64GB Storage) - 48MP Quad Camera & Full HD+ Display",https://m.media-amazon.com/images/I/71X5I1cVfbL._AC_UL320_.jpg,"10,999",4.3 out of 5 stars 
23,"Samsung Galaxy M31s (Mirage Black, 6GB RAM, 128GB Storage)",https://m.media-amazon.com/images/I/71BFG8Zu7zL._AC_UL320_.jpg,"18,499",4.3 out of 5 stars 
