,Rank,Movie,Year of release,IMDB Rating
0,1,The Shawshank Redemption,1994,9.3
1,2,The Godfather,1972,9.2
2,3,The Godfather: Part II,1974,9
3,4,The Dark Knight,2008,9
4,5,12 Angry Men,1957,9
5,6,Schindler's List,1993,8.9
6,7,The Lord of the Rings: The Return of the King,2003,8.9
7,8,Pulp Fiction,1994,8.9
8,9,"The Good, the Bad and the Ugly",1966,8.8
9,10,Fight Club,1999,8.8
10,11,Joker,2019,8.4
11,12,The Lord of the Rings: The Fellowship of the Ring,2001,8.8
12,13,Forrest Gump,1994,8.8
13,14,Inception,2010,8.8
14,15,Star Wars: Episode V - The Empire Strikes Back,1980,8.7
15,16,The Lord of the Rings: The Two Towers,2002,8.7
16,17,The Matrix,1999,8.7
17,18,One Flew Over the Cuckoo's Nest,1975,8.7
18,19,Goodfellas,1990,8.7
19,20,Seven Samurai,1954,8.6
20,21,Se7en,1995,8.6
21,22,City of God,2002,8.6
22,23,Life Is Beautiful,1997,8.6
23,24,The Silence of the Lambs,1991,8.6
24,25,Star Wars: Episode IV - A New Hope,1977,8.6
25,26,It's a Wonderful Life,1946,8.6
26,27,Saving Private Ryan,1998,8.6
27,28,Spirited Away,2001,8.6
28,29,The Green Mile,1999,8.6
29,30,Léon: The Professional,1994,8.5
30,31,Hara-Kiri,1962,8.6
31,32,Interstellar,2014,8.6
32,33,The Usual Suspects,1995,8.5
33,34,The Lion King,1994,8.5
34,35,American History X,1998,8.5
35,36,Back to the Future,1985,8.5
36,37,The Pianist,2002,8.5
37,38,Modern Times,1936,8.5
38,39,Terminator 2: Judgment Day,1991,8.5
39,40,The Intouchables,2011,8.5
40,41,Psycho,1960,8.5
41,42,Gladiator,2000,8.5
42,43,City Lights,1931,8.5
43,44,The Departed,2006,8.5
44,45,Whiplash,2014,8.5
45,46,Once Upon a Time in the West,1968,8.5
46,47,The Prestige,2006,8.5
47,48,Avengers: Endgame,2019,8.4
48,49,Casablanca,1942,8.5
49,50,Grave of the Fireflies,1988,8.5
50,51,Rear Window,1954,8.4
51,52,Cinema Paradiso,1988,8.5
52,53,Alien,1979,8.4
53,54,Indiana Jones and the Raiders of the Lost Ark,1981,8.4
54,55,Memento,2000,8.4
55,56,Apocalypse Now,1979,8.4
56,57,The Great Dictator,1940,8.4
57,58,The Lives of Others,2006,8.4
58,59,Avengers: Infinity War,2018,8.4
59,60,Django Unchained,2012,8.4
60,61,Spider-Man: Into the Spider-Verse,2018,8.4
61,62,The Shining,1980,8.4
62,63,Paths of Glory,1957,8.4
63,64,WALL·E,2008,8.4
64,65,Sunset Blvd.,1950,8.4
65,66,Dr. Strangelove or: How I Learned to Stop Worrying and Love the Bomb,1964,8.4
66,67,Princess Mononoke,1997,8.4
67,68,Oldboy,2003,8.4
68,69,Witness for the Prosecution,1957,8.4
69,70,The Dark Knight Rises,2012,8.4
70,71,Once Upon a Time in America,1984,8.4
71,72,Parasite,2019,8.6
72,73,Aliens,1986,8.3
73,74,American Beauty,1999,8.3
74,75,Coco,2017,8.4
75,76,Your Name.,2016,8.4
76,77,Braveheart,1995,8.3
77,78,Das Boot,1981,8.3
78,79,3 Idiots,2009,8.4
79,80,Like Stars on Earth,2007,8.4
80,81,Star Wars: Episode VI - Return of the Jedi,1983,8.3
81,82,Toy Story,1995,8.3
82,83,Reservoir Dogs,1992,8.3
83,84,Amadeus,1984,8.3
84,85,Dangal,2016,8.4
85,86,Good Will Hunting,1997,8.3
86,87,Inglourious Basterds,2009,8.3
87,88,M,1931,8.3
88,89,Requiem for a Dream,2000,8.3
89,90,2001: A Space Odyssey,1968,8.3
90,91,Vertigo,1958,8.3
91,92,Eternal Sunshine of the Spotless Mind,2004,8.3
92,93,Citizen Kane,1941,8.3
93,94,Full Metal Jacket,1987,8.3
94,95,The Hunt,2012,8.3
95,96,North by Northwest,1959,8.3
96,97,A Clockwork Orange,1971,8.3
97,98,Snatch,2000,8.3
98,99,Amélie,2001,8.3
99,100,The Kid,1921,8.3
